sku,grupo,nombre,variante,categoria,subcategoria,unidad,paso_lb,minimo_lb,peso_pieza_lb,precio,precio_fuente,notas_precio,costo,stock,itbis,variable,congelado,sinonimos,descripcion,como_cocinar,foto,activo,foto_ilustrativa
JF-MAR-001,anillas-de-calamar,Anillas de calamar,,mariscos,Pulpos y calamares,lb,0.5,1,,169.63,usuario,Precio definido por el dueño (listado del 27-09-2026),,0,18,si,si,calamar;calamares;anillos de calamar;rings,"Anillas de calamar congeladas, listas para freír, empanizar o saltear.",Descongelar en la nevera y secar bien. Freír 2 minutos a fuego alto o saltear con ajo; más tiempo las endurece.,https://d8j0ntlcm91z4.cloudfront.net/user_3HeV3AfSohUXJQhG1zppqBJjSBw/hf_20261007_173439_cd14fe93-ff53-449a-87de-5fc19b33a426.png,si,si
JF-MAR-002,camaron,Camarón,8/12,mariscos,Camarones,lb,0.5,1,,312.11,usuario,Precio definido por el dueño (listado del 27-09-2026),,0,18,si,si,camarones;gambas;shrimp;jumbo,Camarón congelado por calibre (cantidad de camarones por libra). El 8/12 es el más grande.,"Al ajillo, a la parrilla o al horno: 2 a 3 minutos por lado. Descongelar 10 minutos en agua fría.",https://d8j0ntlcm91z4.cloudfront.net/user_3HeV3AfSohUXJQhG1zppqBJjSBw/hf_20261007_181520_56f7af2d-add7-430d-8db9-04f30c5baae3.png,si,si
JF-MAR-003,camaron,Camarón,21/25,mariscos,Camarones,lb,0.5,1,,237.48,usuario,Precio definido por el dueño (listado del 27-09-2026),,0,18,si,si,camarones;gambas;shrimp,Camarón congelado por calibre (cantidad de camarones por libra). El 21/25 es un tamaño mediano.,"Al ajillo, a la parrilla o al horno: 2 a 3 minutos por lado. Descongelar 10 minutos en agua fría.",https://d8j0ntlcm91z4.cloudfront.net/user_3HeV3AfSohUXJQhG1zppqBJjSBw/hf_20261007_173510_421e6439-c824-415c-8860-880082004299.png,si,si
JF-MAR-004,camaron,Camarón,16/20,mariscos,Camarones,lb,0.5,1,,251.05,usuario,Precio definido por el dueño (listado del 27-09-2026),,0,18,si,si,camarones;gambas;shrimp,Camarón congelado por calibre (cantidad de camarones por libra). El 16/20 es un tamaño grande.,"Al ajillo, a la parrilla o al horno: 2 a 3 minutos por lado. Descongelar 10 minutos en agua fría.",https://d8j0ntlcm91z4.cloudfront.net/user_3HeV3AfSohUXJQhG1zppqBJjSBw/hf_20261007_173542_68fc76e4-3316-4e58-b903-5ac705e5c817.png,si,si
JF-MAR-005,camaron,Camarón,51/60 crudo,mariscos,Camarones,lb,0.5,1,,223.91,usuario,Precio definido por el dueño (listado del 27-09-2026),,0,18,si,si,camarones;gambas;shrimp;camaroncitos,"Camarón crudo congelado por calibre (cantidad de camarones por libra). El 51/60 es pequeño, ideal para arroz y sopas.","Añadir al final de la cocción: 2 minutos bastan. Ideal para arroz con camarones, sopas y salsas.",https://d8j0ntlcm91z4.cloudfront.net/user_3HeV3AfSohUXJQhG1zppqBJjSBw/hf_20261007_173613_5bbe90d9-75b1-4965-a480-8291004f878c.png,si,si
JF-MAR-006,mariscada-mixta,Mariscada mixta,,mariscos,Mixes,lb,0.5,1,,108.56,usuario,Precio definido por el dueño (listado del 27-09-2026),,0,18,si,si,mix de mariscos;mariscos mixtos;cóctel de mariscos;mariscada,"Mezcla de mariscos congelados para arroz, sopas, paellas y salsas.",Añadir en los últimos 3 a 4 minutos de cocción para que no se pongan duros.,https://d8j0ntlcm91z4.cloudfront.net/user_3HeV3AfSohUXJQhG1zppqBJjSBw/hf_20261007_173648_19bf5c03-4092-490e-b07b-570fad871617.png,si,si
JF-MAR-007,mejillon-media-concha,Mejillón media concha,New Zealand,mariscos,Moluscos,lb,0.5,1,,400.32,usuario,Precio definido por el dueño (listado del 27-09-2026),,0,18,si,si,mejillones;mussels;choros;mejillón neozelandés,"Mejillón congelado en media concha, de Nueva Zelanda.","Gratinar al horno con ajo, perejil y queso, o calentar al vapor 4 a 5 minutos.",https://d8j0ntlcm91z4.cloudfront.net/user_3HeV3AfSohUXJQhG1zppqBJjSBw/hf_20261007_173725_6c3dd4cb-599a-479c-a7c2-9eff889b11f7.png,si,si
JF-MAR-008,mejillon-media-concha,Mejillón media concha,Estándar,mariscos,Moluscos,lb,0.5,1,,183.2,usuario,Precio definido por el dueño (listado del 27-09-2026),,0,18,si,si,mejillones;mussels;choros,Mejillón congelado en media concha.,"Gratinar al horno con ajo, perejil y queso, o calentar al vapor 4 a 5 minutos.",https://d8j0ntlcm91z4.cloudfront.net/user_3HeV3AfSohUXJQhG1zppqBJjSBw/hf_20261007_173727_62687ed1-d034-4ebc-b6a3-90c746eb4bc9.png,si,si
JF-MAR-009,pulpo,Pulpo,De 2 a 4 lb,mariscos,Pulpos y calamares,lb,0.5,2,3,447.81,usuario,Precio definido por el dueño (listado del 27-09-2026),,0,18,si,si,pulpo entero;octopus;pulpitos,"Pulpo congelado, piezas de 2 a 4 libras.","Hervir 40 a 60 minutos hasta que esté tierno; luego a la parrilla, al ajillo o en ensalada.",https://d8j0ntlcm91z4.cloudfront.net/user_3HeV3AfSohUXJQhG1zppqBJjSBw/hf_20261007_173755_6db20e99-ae58-4aa1-a4f2-672c507cd041.png,si,si
JF-MAR-010,pulpo,Pulpo,De 4 a 6 lb,mariscos,Pulpos y calamares,lb,0.5,4,5,461.38,usuario,Precio definido por el dueño (listado del 27-09-2026),,0,18,si,si,pulpo entero;octopus,"Pulpo congelado, piezas de 4 a 6 libras.","Hervir 60 a 75 minutos hasta que esté tierno; luego a la parrilla, al ajillo o en ensalada.",https://d8j0ntlcm91z4.cloudfront.net/user_3HeV3AfSohUXJQhG1zppqBJjSBw/hf_20261007_173757_54011d06-1889-4abb-9b14-4214e303d3d6.png,si,si
JF-MAR-011,tentaculos-de-calamar,Tentáculos de calamar,,mariscos,Pulpos y calamares,lb,0.5,1,,183.2,usuario,Precio definido por el dueño (listado del 27-09-2026),,0,18,si,si,calamar;tentáculos;patas de calamar,Tentáculos de calamar congelados.,"Empanizar y freír 2 a 3 minutos, o saltear con ajo y limón.",https://d8j0ntlcm91z4.cloudfront.net/user_3HeV3AfSohUXJQhG1zppqBJjSBw/hf_20261007_173828_9afcf333-21e1-40d8-b855-5d136ce1366e.png,si,si
JF-FIL-001,filete-de-chillo,Filete de chillo del Atlántico,,pescados,Filete,lb,0.5,1,,183.2,usuario,Precio definido por el dueño (listado del 27-09-2026),,0,18,si,si,chillo;pargo;red snapper;filete de pargo,"Filete de chillo congelado, sin espinas grandes, listo para cocinar.","A la plancha 3 a 4 minutos por lado, al horno con vegetales o en salsa criolla.",https://d8j0ntlcm91z4.cloudfront.net/user_3HeV3AfSohUXJQhG1zppqBJjSBw/hf_20261007_181848_664b0054-a9dc-4db4-9860-e975f3d49b48.png,si,si
JF-FIL-002,filete-de-salmon,Filete de salmón chileno,,pescados,Filete,lb,0.5,1,,536.02,usuario,Precio definido por el dueño (listado del 27-09-2026),,0,18,si,si,salmon;salmón;salmon chileno;filete salmon,"Filete de salmón chileno congelado, rico en omega 3.",Sartén caliente con la piel hacia abajo 4 minutos y 2 minutos por el otro lado; o al horno a 200 °C por 12 minutos.,https://d8j0ntlcm91z4.cloudfront.net/user_3HeV3AfSohUXJQhG1zppqBJjSBw/hf_20261007_173859_7077d770-f4a4-45e5-87f8-fdd00711e078.png,si,si
JF-FIL-003,filete-de-mero-basa,Filete de mero basa,Con glaseo,pescados,Filete,lb,0.5,1,,92.28,usuario,Precio definido por el dueño (listado del 27-09-2026),,0,18,si,si,basa;mero;pangasius;panga;filete de mero,Filete de mero basa congelado. Con glaseo: lleva una capa fina de hielo que lo protege.,"Descongelar en la nevera. Empanizar y freír, o cocinar a la plancha 3 minutos por lado.",https://d8j0ntlcm91z4.cloudfront.net/user_3HeV3AfSohUXJQhG1zppqBJjSBw/hf_20261007_173900_f39ffcd8-7518-4c17-84f2-5ac33c91d348.png,si,si
JF-FIL-004,filete-de-mero-basa,Filete de mero basa,Sin glaseo,pescados,Filete,lb,0.5,1,,135.7,usuario,Precio definido por el dueño (listado del 27-09-2026),,0,18,si,si,basa;mero;pangasius;panga;filete de mero,Filete de mero basa congelado. Sin glaseo: sin la capa de hielo protectora.,"Descongelar en la nevera. Empanizar y freír, o cocinar a la plancha 3 minutos por lado.",https://d8j0ntlcm91z4.cloudfront.net/user_3HeV3AfSohUXJQhG1zppqBJjSBw/hf_20261007_173927_2a3489ac-54a1-48bd-aa86-a8a41538a543.png,si,si
JF-FIL-005,lomo-de-atun-rojo,Lomo de atún rojo,,pescados,Steak,lb,0.5,1,,359.61,usuario,Precio definido por el dueño (listado del 27-09-2026),,0,18,si,si,atun;atún;tuna;atun rojo;steak de atun,"Lomo de atún rojo congelado, para cortar en steaks o en cubos.",Sellar en sartén muy caliente 1 minuto por lado para dejarlo jugoso por dentro.,https://d8j0ntlcm91z4.cloudfront.net/user_3HeV3AfSohUXJQhG1zppqBJjSBw/hf_20261007_173932_e99c3d26-bc8e-4025-b846-d6cfcab21788.png,si,si
JF-PES-001,carite-sierra,Carite sierra,,pescados,Entero,lb,0.5,1,,135.7,usuario,Precio definido por el dueño (listado del 27-09-2026),,0,18,si,si,carite;sierra;pescado de carite;king mackerel,Pescado carite (sierra) entero congelado.,"Frito entero, en rodajas guisadas con vegetales o a la parrilla.",https://d8j0ntlcm91z4.cloudfront.net/user_3HeV3AfSohUXJQhG1zppqBJjSBw/hf_20261007_181612_45838001-c6e0-455e-843a-4da8fe0058af.png,si,si
JF-PES-002,dorado-entero,Dorado entero,Sin glaseo,pescados,Entero,lb,0.5,1,,176.41,usuario,Precio definido por el dueño (listado del 27-09-2026),,0,18,si,si,dorado;mahi mahi;mahi-mahi;dorado entero,"Dorado entero congelado, sin glaseo.","Al horno con limón y ajo, a la parrilla o frito en rodajas.",https://d8j0ntlcm91z4.cloudfront.net/user_3HeV3AfSohUXJQhG1zppqBJjSBw/hf_20261007_181553_bf292790-7bf1-4487-9739-7801f7406885.png,si,si
JF-PES-003,dorada-entera,Dorada entera,,pescados,Entero,lb,0.5,1,,176.41,usuario,Precio definido por el dueño (listado del 27-09-2026),,0,18,si,si,dorada;besugo;sea bream;pescado entero,Dorada entera congelada.,"Al horno con vegetales, a la sal o a la parrilla.",https://d8j0ntlcm91z4.cloudfront.net/user_3HeV3AfSohUXJQhG1zppqBJjSBw/hf_20261007_174221_3186611e-4adf-44d7-bf05-fcc27fcd244e.png,si,si
JF-PES-004,salmon-entero,Salmón entero chileno,,pescados,Entero,lb,0.5,1,,413.89,usuario,Precio definido por el dueño (listado del 27-09-2026),,0,18,si,si,salmon;salmón;salmon entero;salmon chileno,"Salmón chileno entero congelado, para cortar a tu gusto.",Entero al horno a 180 °C o en filetes y steaks a la plancha.,https://d8j0ntlcm91z4.cloudfront.net/user_3HeV3AfSohUXJQhG1zppqBJjSBw/hf_20261007_181659_d835bdde-30ed-46b2-8617-b98c8a7f7c2d.png,si,si
JF-PES-005,tilapia-roja,Tilapia roja,Sin glaseo,pescados,Entero,lb,0.5,1,,142.49,usuario,Precio definido por el dueño (listado del 27-09-2026),,0,18,si,si,tilapia;pescado rojo;mojarra,"Tilapia roja entera congelada, sin glaseo.","Frita entera y crujiente, o al horno con salsa criolla.",https://d8j0ntlcm91z4.cloudfront.net/user_3HeV3AfSohUXJQhG1zppqBJjSBw/hf_20261007_181627_909f8857-038d-4f5e-b091-bb12dfba91ee.png,si,si
JF-RES-001,ribeye-choice,Ribeye Choice,,res,Parrilla,lb,0.5,1,,914.25,usuario,Precio definido por el dueño (listado del 27-09-2026),,0,0,si,si,ribeye;rib eye;rib-eye;ojo de costilla;bistec ancho,Corte de res importado grado Choice con vetas de grasa que lo hacen jugoso y de mucho sabor.,Sacar del frío 30 minutos antes. Sellar a fuego muy alto 3 a 4 minutos por lado y reposar 5 minutos.,https://d8j0ntlcm91z4.cloudfront.net/user_3HeV3AfSohUXJQhG1zppqBJjSBw/hf_20261007_174301_04243a2a-64da-49a5-94f6-e3cf95ee14a8.png,si,si
JF-RES-002,churrasco-choice,Churrasco Choice,,res,Parrilla,lb,0.5,1,,891.25,usuario,Precio definido por el dueño (listado del 27-09-2026),,0,0,si,si,churrasco;strip;strip loin;new york;lomo fino,"Churrasco de res importado grado Choice, ideal para la parrilla y la plancha.",Sazonar con sal gruesa y asar a fuego alto 4 minutos por lado. Reposar antes de cortar.,https://d8j0ntlcm91z4.cloudfront.net/user_3HeV3AfSohUXJQhG1zppqBJjSBw/hf_20261007_174320_cd5e6083-d60f-4694-94ee-d1d249df3af3.png,si,si
JF-RES-003,picana-choice,Picaña Choice (culotte),,res,Parrilla,lb,0.5,1,,718.75,usuario,Precio definido por el dueño (listado del 27-09-2026),,0,0,si,si,picana;picanha;culotte;cullote;tapa de cuadril,"Picaña (culotte) de res importada grado Choice, con su capa de grasa que la mantiene jugosa.","Cortar en bistecs gruesos y asar a la parrilla con sal gruesa, grasa hacia abajo primero.",https://d8j0ntlcm91z4.cloudfront.net/user_3HeV3AfSohUXJQhG1zppqBJjSBw/hf_20261007_174332_09791305-8060-4f66-8b31-74a3ebdce707.png,si,si
JF-CDO-001,lomo-de-cerdo,Lomo de cerdo,,cerdo,Horno,lb,0.5,1,,126.5,usuario,Precio definido por el dueño (listado del 27-09-2026),,0,0,si,si,lomo;lomito de cerdo;pork loin;lomo de puerco,"Lomo de cerdo importado congelado, tierno y magro.",Marinar con ajo y orégano y hornear a 180 °C hasta que llegue a 70 °C por dentro.,https://d8j0ntlcm91z4.cloudfront.net/user_3HeV3AfSohUXJQhG1zppqBJjSBw/hf_20261007_174351_3c97dbbc-78d0-4d4e-9386-fb17754d4ce7.png,si,si
JF-CDO-002,costilla-de-cerdo,Costilla de cerdo,Fresca,cerdo,Parrilla,lb,0.5,1,,86.25,usuario,Precio definido por el dueño (listado del 27-09-2026),,0,0,si,si,costillas;costillitas;ribs;costilla de puerco,Costilla de cerdo importada congelada.,"Hornear tapada a 160 °C por 2 horas y terminar con salsa BBQ a la parrilla, o guisar.",https://d8j0ntlcm91z4.cloudfront.net/user_3HeV3AfSohUXJQhG1zppqBJjSBw/hf_20261007_174433_370dc409-c12b-4554-a165-8e159d1c8427.png,si,si
JF-CDO-003,costilla-de-cerdo,Costilla de cerdo,Spare rib,cerdo,Parrilla,lb,0.5,1,,126.5,usuario,Precio definido por el dueño (listado del 27-09-2026),,0,0,si,si,costillas;spare rib;sparerib;ribs,Costilla de cerdo spare rib importada congelada.,"Hornear tapada a 160 °C por 2 horas y terminar con salsa BBQ a la parrilla, o guisar.",https://d8j0ntlcm91z4.cloudfront.net/user_3HeV3AfSohUXJQhG1zppqBJjSBw/hf_20261007_174443_01320ff1-6f81-4821-957d-b2ab1e372e02.png,si,si
JF-CDO-004,costilla-de-cerdo,Costilla de cerdo,San Luis,cerdo,Parrilla,lb,0.5,1,,172.5,usuario,Precio definido por el dueño (listado del 27-09-2026),,0,0,si,si,costillas;san luis;st louis;saint louis;ribs,Costilla de cerdo corte San Luis (St. Louis) importada congelada.,"Hornear tapada a 160 °C por 2 horas y terminar con salsa BBQ a la parrilla, o guisar.",https://d8j0ntlcm91z4.cloudfront.net/user_3HeV3AfSohUXJQhG1zppqBJjSBw/hf_20261007_174514_7c37fb45-b8e5-47bd-8f68-65f44e8b8f62.png,si,si
JF-CDO-005,chuleta-fresca,Chuleta fresca,,cerdo,Fritura,lb,0.5,1,,101.2,usuario,Precio definido por el dueño (listado del 27-09-2026),,0,0,si,si,chuletas;chuleta de cerdo;chuleta de puerco;pork chops,Chuletas de cerdo importadas congeladas.,"Frita o a la plancha 4 a 5 minutos por lado, o guisadas con cebolla y ají.",https://d8j0ntlcm91z4.cloudfront.net/user_3HeV3AfSohUXJQhG1zppqBJjSBw/hf_20261007_174520_9ffd9aa3-f952-4fcd-86e8-7e4923b455fe.png,si,si
JF-CDO-006,tocineta,Tocineta,No. 1,cerdo,Desayuno,lb,0.5,1,,224.25,usuario,Precio definido por el dueño (listado del 27-09-2026),,0,0,si,si,tocino;bacon;beicon;tocineta,Tocineta (bacon) de cerdo congelada.,"En sartén a fuego medio 6 a 8 minutos, o al horno a 200 °C por 12 minutos sobre papel.",https://d8j0ntlcm91z4.cloudfront.net/user_3HeV3AfSohUXJQhG1zppqBJjSBw/hf_20261007_174541_557235a6-dc09-4b6c-a2ac-ade3878bb042.png,si,si
JF-CDO-007,paleta-de-cerdo,Paleta de cerdo,,cerdo,Horno,lb,0.5,1,,80.5,usuario,Precio definido por el dueño (listado del 27-09-2026),,0,0,si,si,paleta;pork shoulder;pernil;puerco;paleta de puerco,"Paleta de cerdo importada congelada, jugosa para hornear o desmechar.",Marinar toda la noche y hornear tapada a 150 °C por 4 a 5 horas hasta que se desmenuce.,https://d8j0ntlcm91z4.cloudfront.net/user_3HeV3AfSohUXJQhG1zppqBJjSBw/hf_20261007_174559_3784d8c6-610a-4b9c-8c1d-7ead638a7758.png,si,si
JF-CDO-008,panceta-de-cerdo,Panceta de cerdo,,cerdo,Fritura,lb,0.5,1,,138,usuario,Precio definido por el dueño (listado del 27-09-2026),,0,0,si,si,panceta;pork belly;barriga de cerdo;tocino,"Panceta de cerdo importada congelada, con capas de carne y grasa.","Hornear a 180 °C por 1 hora y terminar a 220 °C para dorar, o cortar y freír para chicharrones.",https://d8j0ntlcm91z4.cloudfront.net/user_3HeV3AfSohUXJQhG1zppqBJjSBw/hf_20261007_174614_bfc7ad6f-334b-4ac7-be7e-53d767c5629b.png,si,si
JF-AVE-001,alas-de-pollo,Alas de pollo,Enteras americanas,aves,Pollo,lb,0.5,1,,89.7,usuario,Precio definido por el dueño (listado del 27-09-2026),,0,0,si,si,alitas;alas;wings;alitas de pollo,"Alas de pollo enteras, de origen americano, congeladas.","Hornear a 200 °C por 40 minutos volteando a la mitad, o freír y bañar con salsa.",https://d8j0ntlcm91z4.cloudfront.net/user_3HeV3AfSohUXJQhG1zppqBJjSBw/hf_20261007_174645_4e0fa588-3ea6-42ad-8cd6-0e5e2a2ec08d.png,si,si
JF-AVE-002,alas-de-pollo,Alas de pollo,Brasileñas,aves,Pollo,lb,0.5,1,,115,usuario,Precio definido por el dueño (listado del 27-09-2026),,0,0,si,si,alitas;alas;wings;alitas de pollo,"Alas de pollo de origen brasileño, congeladas.","Hornear a 200 °C por 40 minutos volteando a la mitad, o freír y bañar con salsa.",https://d8j0ntlcm91z4.cloudfront.net/user_3HeV3AfSohUXJQhG1zppqBJjSBw/hf_20261007_174648_877070e0-02fe-4858-a77b-fc2e2c0cb9ea.png,si,si
JF-AVE-003,pechuga-de-pollo-americana,Pechuga de pollo americana,,aves,Pollo,lb,0.5,1,,109.25,usuario,Precio definido por el dueño (listado del 27-09-2026),,0,0,si,si,pechuga;pollo;pechuga de pollo;chicken breast;pechugas,"Pechuga de pollo de origen americano, congelada.","A la plancha 6 minutos por lado, empanizada o guisada. Llegar a 74 °C por dentro.",https://d8j0ntlcm91z4.cloudfront.net/user_3HeV3AfSohUXJQhG1zppqBJjSBw/hf_20261007_174715_8f058249-1615-4838-b4c2-714b679af045.png,si,si
JF-AVE-004,pavo-entero,Pavo entero,,aves,Pavo,lb,1,8,,166.75,usuario,Precio definido por el dueño (listado del 27-09-2026),,0,0,si,si,pavo;turkey;pavo de navidad,Pavo entero congelado.,Descongelar 24 horas por cada 4 a 5 libras en la nevera. Hornear a 165 °C unos 15 minutos por libra.,https://d8j0ntlcm91z4.cloudfront.net/user_3HeV3AfSohUXJQhG1zppqBJjSBw/hf_20261007_174716_a04833b6-5cd4-4218-88cb-630abec56ac9.png,si,si
JF-OTR-001,papas-precocidas,Papas precocidas,,otros,Papas,lb,0.5,1,,54.28,usuario,Precio definido por el dueño (listado del 27-09-2026),,0,18,si,si,papas fritas;papitas;french fries;papa frita;papas,"Papas precocidas congeladas, listas para freír u hornear.","Freír sin descongelar a 175 °C por 3 a 4 minutos, o al horno a 220 °C por 15 a 20 minutos.",https://d8j0ntlcm91z4.cloudfront.net/user_3HeV3AfSohUXJQhG1zppqBJjSBw/hf_20261007_174750_1f002715-ae56-481f-b7a2-97d5654c5777.png,si,si
JF-OTR-002,pierna-de-cordero,Pierna de cordero,,otros,Cordero,lb,1,1,,454.6,usuario,Precio definido por el dueño (listado del 27-09-2026),,0,18,si,si,cordero;lamb;pierna;pierna de borrego,Pierna de cordero importada congelada.,"Marinar con ajo, romero y limón y hornear a 160 °C unas 2 horas y media.",https://d8j0ntlcm91z4.cloudfront.net/user_3HeV3AfSohUXJQhG1zppqBJjSBw/hf_20261007_174744_3a94e1a7-2906-4662-af93-b00e1dcad4a8.png,si,si
